{"cameraMode":{"drawMode":0,"name":"Shaded","section":"Shading Mode"},"sceneLighting":true,"audioPlay":false,"sceneViewState":{"showFog":true,"showMaterialUpdate":false,"showSkybox":true,"showFlares":true,"showImageEffects":true,"showParticleSystems":true},"in2DMode":false,"pivot":{"x":-0.4248008728027344,"y":11.992837905883789,"z":-0.40204918384552},"rotation":{"x":-0.10579725354909897,"y":-0.6094323396682739,"z":-0.08270835876464844,"w":0.7814467549324036},"size":1.2247449159622193,"orthographic":false}