{"cameraMode":{"drawMode":0,"name":"Shaded","section":"Shading Mode"},"sceneLighting":true,"audioPlay":false,"sceneViewState":{"showFog":true,"showMaterialUpdate":false,"showSkybox":true,"showFlares":true,"showImageEffects":true,"showParticleSystems":true},"in2DMode":false,"pivot":{"x":2.6106557846069338,"y":2.0566892623901369,"z":8.368313789367676},"rotation":{"x":-0.030225060880184175,"y":0.0736834853887558,"z":-0.002208684105426073,"w":-0.9968440532684326},"size":15.449204444885254,"orthographic":false}